Player_Name,Jersey_Number,Team,Position,Nationality
Unai Simón (Unai Simon),1,Athletic Club,Goalkeeper,ES
Andoni Gorosabel (Gorosabel),2,Athletic Club,Defender,ES
Dani Vivian (Vivian),3,Athletic Club,Defender,ES
Aitor Paredes (Paredes 2),4,Athletic Club,Defender,ES
Yeray Álvarez (Yeray 2),5,Athletic Club,Defender,ES
Mikel Vesga (Vesga),6,Athletic Club,Midfielder,ES
Alex Berenguer (Berenguer),7,Athletic Club,Forward,ES
Oihan Sancet (O Sancet 1),8,Athletic Club,Midfielder,ES
Iñaki Williams (Williams),9,Athletic Club,Forward,GH
Nico Williams (Williams Jr),10,Athletic Club,Forward,ES
Gorka Guruzeta (Guruzeta),11,Athletic Club,Forward,ES
Jesús Areso (Areso),12,Athletic Club,Defender,ES
Unai Egiluz (Unai Egiluz),13,Athletic Club,Defender,ES
Aymeric Laporte (Laporte),14,Athletic Club,Defender,ES
Íñigo Lekue (I Lekue),15,Athletic Club,Defender,ES
Íñigo Ruíz de Galarreta (R De Galarreta),16,Athletic Club,Midfielder,ES
Yuri Berchiche (Yuri B),17,Athletic Club,Defender,ES
Mikel Jauregizar (Mikel Jauregizar),18,Athletic Club,Midfielder,ES
Adama Boiro (Adama Boiro),19,Athletic Club,Midfielder,ES
Unai Gómez (Unai Gomez),20,Athletic Club,Midfielder,ES
Maroan Sannadi (Maroan Sannadi),21,Athletic Club,Forward,MA
Nico Serrano (Nicolas Serrano),22,Athletic Club,Forward,ES
Robert Navarro (Navarro 2),23,Athletic Club,Midfielder,ES
Beñat Prados (Benat Prados),24,Athletic Club,Midfielder,ES
Urko Iruretagoiena Lertxundi (Urko),25,Athletic Club,Midfielder,ES
Mikel Santos (Mikel Santos),26,Athletic Club,Goalkeeper,ES
Álex Padilla (Alex Padilla),27,Athletic Club,Goalkeeper,MX
Aimar Duñabeitia (Aimar Dunabeitia),28,Athletic Club,Defender,ES
Alejandro Rego (Alejandro Rego),30,Athletic Club,Defender,ES
Asier Hierro (Asier Hierro 1),31,Athletic Club,Forward,ES
Adrián Pérez (Adrian Perez 8),33,Athletic Club,Forward,ES
Jon de Luis (Jon De Luis),34,Athletic Club,Defender,ES
Ibon Sánchez (Ibon Sanchez 1),35,Athletic Club,Forward,ES
Elijah Gift Izobodo John (Elijah Gift 2),40,Athletic Club,Forward,ES
Selton Sánchez (Selton Sanchez),44,Athletic Club,Midfielder,ES
Iker Monreal (Iker Monreal),47,Athletic Club,Defender,ES
Endika Bujan (Endika Bujan),48,Athletic Club,Forward,ES
Eder García (Eder Garcia 1),49,Athletic Club,Midfielder,ES
Ernesto Valverde (Valverde),,Athletic Club,Coach,ES
Jon Aspiazu (Aspiazu),,Athletic Club,Assistant coach,ES
Sergio Herrera (S Herrera),1,Club Atlético Osasuna,Goalkeeper,ES
Iker Benito (Iker Benito),2,Club Atlético Osasuna,Forward,ES
Juan Cruz Álvaro Armada (Juan Cruz 1),3,Club Atlético Osasuna,Defender,ES
Jorge Herrando (Herrando),5,Club Atlético Osasuna,Defender,ES
Lucas Torró (Torro),6,Club Atlético Osasuna,Midfielder,ES
Jon Moncayola (Moncayola),7,Club Atlético Osasuna,Midfielder,ES
Iker Muñoz (Iker Munoz),8,Club Atlético Osasuna,Midfielder,ES
Raúl García (Raul 4),9,Club Atlético Osasuna,Forward,ES
Aimar Oroz (Aimar 1),10,Club Atlético Osasuna,Forward,ES
Kike Barja (Kike Barja),11,Club Atlético Osasuna,Forward,ES
Aitor Fernández (Aitor Fdez),13,Club Atlético Osasuna,Goalkeeper,ES
Rubén García (Ruben Garcia),14,Club Atlético Osasuna,Forward,ES
Moi Gómez (Moi Gomez),16,Club Atlético Osasuna,Midfielder,ES
Ante Budimir (Budimir),17,Club Atlético Osasuna,Forward,HR
Raúl Moro (Raul Moro),18,Club Atlético Osasuna,Midfielder,ES
Valentin Rosier (Valentin Rosier),19,Club Atlético Osasuna,Defender,FR
Javi Galán (Javi Galan),20,Club Atlético Osasuna,Midfielder,ES
Víctor Muñoz (Victor Munoz),21,Club Atlético Osasuna,Midfielder,ES
Enzo Boyomo (Boyomo),22,Club Atlético Osasuna,Defender,CM
Abel Bretones (Abel Bretones),23,Club Atlético Osasuna,Midfielder,ES
Alejandro Catena (Catena),24,Club Atlético Osasuna,Defender,ES
Mauro Echegoyen (Mauro Echegoyen),26,Club Atlético Osasuna,Midfielder,ES
Martín Pedroarena (Martin Pedroarena),27,Club Atlético Osasuna,Midfielder,ES
Jon García (Jon Garcia 1),28,Club Atlético Osasuna,Midfielder,ES
Asier Osambela (Asier Osambela),29,Club Atlético Osasuna,Midfielder,ES
Dimitrios Stamatakis (Dimitrios Stamatakis),31,Club Atlético Osasuna,Goalkeeper,GR
Rafa Fernández (Rafa Fernandez),32,Club Atlético Osasuna,Goalkeeper,ES
Raúl Chasco (Raul Chasco),34,Club Atlético Osasuna,Defender,ES
Unai Santos (Unai Santos 1),35,Club Atlético Osasuna,Defender,ES
Roberto Arroyo (Roberto Arroyo),37,Club Atlético Osasuna,Forward,ES
Iñigo Arguibide (Inigo Arguibide),41,Club Atlético Osasuna,Defender,ES
Mikel Serrano (Mikel Garcia),42,Club Atlético Osasuna,Defender,ES
Aly Doumbia (Aly Doumbia),47,Club Atlético Osasuna,Forward,ES
Manu Rico (Manu Rico),48,Club Atlético Osasuna,Midfielder,ES
Alessio Lisci (Alessio Lisci),,Club Atlético Osasuna,Coach,IT
José María Sanz Sánchez (Jose Maria Sanz Sanchez),,Club Atlético Osasuna,Assistant coach,ES
Juan Musso (Juan Musso),1,Club Atlético de Madrid SAD,Goalkeeper,AR
José María Giménez (J M Gimenez),2,Club Atlético de Madrid SAD,Defender,UY
Matteo Ruggeri (Matteo Ruggeri),3,Club Atlético de Madrid SAD,Midfielder,IT
Rodrigo Mendoza (Rodrigo Mendoza),4,Club Atlético de Madrid SAD,Midfielder,ES
Johnny Cardoso (Joao Cardoso),5,Club Atlético de Madrid SAD,Midfielder,US
Jorge Resurrección Merodio (Koke),6,Club Atlético de Madrid SAD,Midfielder,ES
Antoine Griezmann (Griezmann),7,Club Atlético de Madrid SAD,Forward,FR
Pablo Barrios (Pablo Barrios Rivas),8,Club Atlético de Madrid SAD,Midfielder,ES
Alexander Sørloth (Alexander Sorloth),9,Club Atlético de Madrid SAD,Forward,NO
Álex Baena (Alex B),10,Club Atlético de Madrid SAD,Midfielder,ES
Thiago Almada (Thiago Almada),11,Club Atlético de Madrid SAD,Midfielder,AR
Jan Oblak (Oblak),13,Club Atlético de Madrid SAD,Goalkeeper,SI
Marcos Llorente (M Llorente),14,Club Atlético de Madrid SAD,Midfielder,ES
Clément Lenglet (Lenglet),15,Club Atlético de Madrid SAD,Defender,FR
Nahuel Molina (Nahuel Molina),16,Club Atlético de Madrid SAD,Defender,AR
Dávid Hancko (David Hancko),17,Club Atlético de Madrid SAD,Defender,SK
Marc Pubill (Marc Pubill),18,Club Atlético de Madrid SAD,Defender,ES
Julián Alvarez (Julian Alvarez),19,Club Atlético de Madrid SAD,Forward,AR
Giuliano Simeone (Giuliano Simeone),20,Club Atlético de Madrid SAD,Forward,AR
Obed Vargas (Obed Vargas),21,Club Atlético de Madrid SAD,Midfielder,MX
Ademola Lookman (Ademola Lookman),22,Club Atlético de Madrid SAD,Forward,NG
Nico González (Nicolas Gonzalez),23,Club Atlético de Madrid SAD,Forward,AR
Robin Le Normand (Le Normand),24,Club Atlético de Madrid SAD,Defender,ES
Ilias Kostis (Ilias Kostis),26,Club Atlético de Madrid SAD,Defender,GR
Jano Monserrate (Jano Monserrate),27,Club Atlético de Madrid SAD,Midfielder,ES
Taufik Seidu Zanzi Awudu (Taufik Seidu),28,Club Atlético de Madrid SAD,Midfielder,ES
Rayane Belaid (Rayane Belaid),29,Club Atlético de Madrid SAD,Forward,ES
Dani Martinez (Daniel Martinez 2),30,Club Atlético de Madrid SAD,Defender,ES
Salvi Esquivel (Salvi Esquivel),31,Club Atlético de Madrid SAD,Goalkeeper,ES
Javier Boñar (Javier Bonar),32,Club Atlético de Madrid SAD,Defender,ES
Mario de Luis (Mario 4),33,Club Atlético de Madrid SAD,Goalkeeper,ES
Julio Díaz (Julio Diaz 1),34,Club Atlético de Madrid SAD,Defender,ES
Gerónimo Spina (Geronimo Spina),36,Club Atlético de Madrid SAD,Defender,AR
Iker Luque (Iker Luque 1),37,Club Atlético de Madrid SAD,Midfielder,ES
Aleksa Puric (Aleksa Puric),40,Club Atlético de Madrid SAD,Defender,RS
Javi Serrano (Javier Serrano),42,Club Atlético de Madrid SAD,Midfielder,ES
Sergio Esteban (Sergio Esteban),45,Club Atlético de Madrid SAD,Forward,ES
Javier Morcillo (Javier Morcillo),47,Club Atlético de Madrid SAD,Midfielder,ES
Álvaro Moreno (Alvaro Moreno 2),51,Club Atlético de Madrid SAD,Goalkeeper,ES
Miguel Llorente Cubo (Cubo),61,Club Atlético de Madrid SAD,Forward,ES
Diego Simeone (Simeone),,Club Atlético de Madrid SAD,Coach,AR
Nelson Vivas (Nelson 1),,Club Atlético de Madrid SAD,Assistant coach,AR
Antonio Sivera (Sivera),1,Deportivo Alavés SAD,Goalkeeper,ES
Facundo Garcés (Facundo Garces),2,Deportivo Alavés SAD,Defender,MY
Youssef Enríquez (Youssef Lekhedim),3,Deportivo Alavés SAD,Defender,MA
Denis Suárez (Denis Suarez),4,Deportivo Alavés SAD,Midfielder,ES
Jon Pacheco (Pacheco 3),5,Deportivo Alavés SAD,Defender,ES
Ander Guevara (Guevara),6,Deportivo Alavés SAD,Midfielder,ES
Ángel Pérez (Angel Perez 1),7,Deportivo Alavés SAD,Defender,ES
Antonio Blanco (Antonio Blanco),8,Deportivo Alavés SAD,Midfielder,ES
Mariano Díaz (Mariano),9,Deportivo Alavés SAD,Forward,DO
Carles Aleñá (Alena),10,Deportivo Alavés SAD,Midfielder,ES
Toni Martínez (T Martinez),11,Deportivo Alavés SAD,Forward,ES
Raúl Fernández (Raul F),13,Deportivo Alavés SAD,Goalkeeper,ES
Nahuel Tenaglia (Nahuel Tenaglia),14,Deportivo Alavés SAD,Defender,AR
Lucas Boyé (Lucas Boye),15,Deportivo Alavés SAD,Forward,AR
Ville Koski (Ville Koski),16,Deportivo Alavés SAD,Defender,FI
Jonathan Castro Otto (Jonny),17,Deportivo Alavés SAD,Defender,ES
Jon Guridi (Guridi),18,Deportivo Alavés SAD,Midfielder,ES
Pablo Ibáñez (Pablo Ibanez),19,Deportivo Alavés SAD,Midfielder,ES
Calebe Gonçalves Ferreira da Silva (Calebe),20,Deportivo Alavés SAD,Midfielder,BR
Abde Rebbach (Abderrahman Rebbach),21,Deportivo Alavés SAD,Midfielder,DZ
Ibrahim Diabate (Diabate),22,Deportivo Alavés SAD,Forward,CI
Carlos Protesoni (Carlos Benavidez),23,Deportivo Alavés SAD,Midfielder,UY
Victor Parada (Victor Parada),24,Deportivo Alavés SAD,Defender,ES
Álvaro García (Alvaro Garcia 4),26,Deportivo Alavés SAD,Defender,ES
Egoitz Muñoz (Egoitz Munoz),27,Deportivo Alavés SAD,Defender,ES
Lander Pinillos (Lander Pinillos),28,Deportivo Alavés SAD,Midfielder,ES
Diego Morcillo (Diego Morcillo),29,Deportivo Alavés SAD,Forward,ES
Carlos Ballestero (Carlos Ballestero),30,Deportivo Alavés SAD,Defender,ES
Grégoire Swiderski (Gregoire Swiderski),31,Deportivo Alavés SAD,Goalkeeper,CA
Izei Hernandez (Izei Hernandez),32,Deportivo Alavés SAD,Midfielder,ES
Rúben Montero (Ruben Montero),33,Deportivo Alavés SAD,Goalkeeper,ES
Aitor Mañas (Aitor Manas),34,Deportivo Alavés SAD,Forward,ES
Xanet Oláiz (Xanet Olaiz),35,Deportivo Alavés SAD,Defender,ES
Paco Sanz (Paco Sanz),36,Deportivo Alavés SAD,Defender,ES
Patricio Graff (Patricio Graff),,Deportivo Alavés SAD,Assistant coach,AR
Enrique Sánchez Flores (Quique Sanchez Flores),,Deportivo Alavés SAD,Coach,ES
Matías Dituro (Matias Dituro),1,Elche Club de Fútbol SAD,Goalkeeper,AR
Adrià Pedrosa (Pedrosa 1),3,Elche Club de Fútbol SAD,Defender,ES
Federico Redondo (Federico Redondo),5,Elche Club de Fútbol SAD,Midfielder,AR
Pedro Bigas (R Bigas),6,Elche Club de Fútbol SAD,Defender,ES
Yago Santiago (Yago Alonso),7,Elche Club de Fútbol SAD,Midfielder,ES
Marc Aguado (Marc Aguado),8,Elche Club de Fútbol SAD,Midfielder,ES
André Miguel Valente da Silva (Andre Silva),9,Elche Club de Fútbol SAD,Forward,PT
Rafa Mir (Rafa Mir),10,Elche Club de Fútbol SAD,Forward,ES
Germán Valera (German Valera),11,Elche Club de Fútbol SAD,Midfielder,ES
Gonzalo Villar (G Villar),12,Elche Club de Fútbol SAD,Midfielder,ES
Iñaki Peña (Inaki Pena),13,Elche Club de Fútbol SAD,Goalkeeper,ES
Aleix Febas (Febas),14,Elche Club de Fútbol SAD,Midfielder,ES
José Antonio Morente Oliva (T Morente),15,Elche Club de Fútbol SAD,Midfielder,ES
Martim Carvalho Neto (Martim Neto),16,Elche Club de Fútbol SAD,Midfielder,PT
José Antonio Ferrández Pomares (Josan),17,Elche Club de Fútbol SAD,Midfielder,ES
John Donald (John C),18,Elche Club de Fútbol SAD,Defender,ES
Grady Diangana (Grady Diangana),19,Elche Club de Fútbol SAD,Midfielder,CD
Álvaro Rodríguez (Alvaro Rodriguez 3),20,Elche Club de Fútbol SAD,Forward,UY
Léo Pétrot (Leo Petrot),21,Elche Club de Fútbol SAD,Defender,FR
David Affengruber (David Affengruber),22,Elche Club de Fútbol SAD,Defender,AT
Victor Chust (Chust),23,Elche Club de Fútbol SAD,Defender,ES
Lucas Cepeda (Lucas Cepeda),24,Elche Club de Fútbol SAD,Forward,CL
Bema Sina (Bema Sina),26,Elche Club de Fútbol SAD,Defender,GH
Albert Niculaesei (Albert Niculaesei),27,Elche Club de Fútbol SAD,Defender,RO
Daniel Ballesteros Fernández (Piri),29,Elche Club de Fútbol SAD,Forward,ES
David Delgado (David Delgado 1),31,Elche Club de Fútbol SAD,Defender,ES
Adam Boayar (Adam 1),32,Elche Club de Fútbol SAD,Midfielder,MA
Pablo Felipe (Pablo Felipe 1),33,Elche Club de Fútbol SAD,Defender,ES
Nico Salvador (Nico Salvador),36,Elche Club de Fútbol SAD,Defender,ES
Antonio Martínez (Antonio Martinez 4),37,Elche Club de Fútbol SAD,Midfielder,ES
Alejandro Sánchez Mantecón (Alex Sanchez 5),38,Elche Club de Fútbol SAD,Midfielder,ES
Héctor Fort (Hector Fort),39,Elche Club de Fútbol SAD,Defender,ES
Buba Sangaré (Buba Sangare),42,Elche Club de Fútbol SAD,Defender,ES
Alex Herraiz (Alex Herraiz),43,Elche Club de Fútbol SAD,Defender,ES
Alejandro Iturbe (Alejandro Iturbe),45,Elche Club de Fútbol SAD,Goalkeeper,ES
Juan Piera (Juan Piera 1),46,Elche Club de Fútbol SAD,Forward,ES
Jon Lopez (Jon Lopez),,Elche Club de Fútbol SAD,Assistant coach,ES
Eder Sarabia (Eder Sarabia),,Elche Club de Fútbol SAD,Coach,ES
João Pedro Cavaco Cancelo (Cancelo),2,Fútbol Club Barcelona,Defender,PT
Alejandro Balde (Alex Balde),3,Fútbol Club Barcelona,Defender,ES
Ronald Araujo (R Araujo),4,Fútbol Club Barcelona,Defender,UY
Pau Cubarsí (Pau Cubarsi),5,Fútbol Club Barcelona,Defender,ES
Pablo Páez Gavira (Gavi),6,Fútbol Club Barcelona,Midfielder,ES
Ferran Torres (Ferran),7,Fútbol Club Barcelona,Midfielder,ES
Pedro González López (Pedri),8,Fútbol Club Barcelona,Midfielder,ES
Robert Lewandowski (Robert Lewandowski),9,Fútbol Club Barcelona,Forward,PL
Lamine Yamal Nasraoui Ebana (Lamine Yamal),10,Fútbol Club Barcelona,Forward,ES
Raphael Dias Belloli (Raphinha),11,Fútbol Club Barcelona,Forward,BR
Joan García (J Garcia),13,Fútbol Club Barcelona,Goalkeeper,ES
Marcus Rashford (Marcus Rashford),14,Fútbol Club Barcelona,Forward,GB-ENG
Andreas Christensen (Andreas Christensen),15,Fútbol Club Barcelona,Defender,DK
Fermín López (Fermin Lopez),16,Fútbol Club Barcelona,Midfielder,ES
Marc Casadó (Marc Casado),17,Fútbol Club Barcelona,Midfielder,ES
Gerard Martín (Gerard 2),18,Fútbol Club Barcelona,Defender,ES
Roony Bardghji (Roony Bardghji),19,Fútbol Club Barcelona,Midfielder,SE
Dani Olmo (Dani Olmo),20,Fútbol Club Barcelona,Midfielder,ES
Frenkie de Jong (F De Jong),21,Fútbol Club Barcelona,Midfielder,NL
Marc Bernal (Marc Bernal),22,Fútbol Club Barcelona,Midfielder,ES
Jules Koundé (Kounde),23,Fútbol Club Barcelona,Defender,FR
Eric García (Eric Garcia),24,Fútbol Club Barcelona,Defender,ES
Wojciech Szczesny (Wojciech Szczesny),25,Fútbol Club Barcelona,Goalkeeper,PL
Jofre Torrents (Jofre Torrents),26,Fútbol Club Barcelona,Defender,ES
Toni Fernández (Toni Fernandez),29,Fútbol Club Barcelona,Forward,ES
Guille Fernández (Guille Fernandez),30,Fútbol Club Barcelona,Midfielder,ES
Diego Kochen (Diego Kochen),31,Fútbol Club Barcelona,Goalkeeper,US
Eder Aller (Eder Aller),33,Fútbol Club Barcelona,Goalkeeper,ES
Álvaro Cortés (Alvaro Cortes 1),36,Fútbol Club Barcelona,Defender,ES
Dani Rodríguez (Daniel Rodriguez),37,Fútbol Club Barcelona,Forward,ES
Juan Hernández (Juan Hernandez),41,Fútbol Club Barcelona,Midfielder,ES
Xavi Espart (Xavi Espart),42,Fútbol Club Barcelona,Defender,ES
Tomás Marqués (Tomas Marques),43,Fútbol Club Barcelona,Defender,ES
Hansi Flick (Hans Dieter Flick),,Fútbol Club Barcelona,Coach,DE
Marcus Sorg (Marcus Sorg),,Fútbol Club Barcelona,Assistant coach,DE
Jirí Letácek (Jiri Letacek),1,Getafe Club de Fútbol SAD,Goalkeeper,CZ
Djené Dakonam (Djene),2,Getafe Club de Fútbol SAD,Defender,TG
Abdel Abqar (Abqar),3,Getafe Club de Fútbol SAD,Defender,MA
Luis Milla (L Milla),5,Getafe Club de Fútbol SAD,Midfielder,ES
Mario Martín (Mario Martin),6,Getafe Club de Fútbol SAD,Midfielder,ES
Juan Miguel Jiménez López (Juanmi),7,Getafe Club de Fútbol SAD,Forward,ES
Mauro Arambarri (M Arambarri),8,Getafe Club de Fútbol SAD,Midfielder,UY
Borja Mayoral (B Mayoral),9,Getafe Club de Fútbol SAD,Forward,ES
Martín Satriano (Martin Satriano),10,Getafe Club de Fútbol SAD,Forward,UY
Abu Kamara (Abu Kamara),11,Getafe Club de Fútbol SAD,Midfielder,GB-ENG
Allan Nyom (Nyom),12,Getafe Club de Fútbol SAD,Defender,CM
David Soria (David Soria),13,Getafe Club de Fútbol SAD,Goalkeeper,ES
Javi Muñoz (Javi Munoz),14,Getafe Club de Fútbol SAD,Midfielder,ES
Sebastián Boselli (Sebastian Boselli),15,Getafe Club de Fútbol SAD,Defender,UY
Diego Rico (Rico),16,Getafe Club de Fútbol SAD,Defender,ES
Kiko Femenía (Kiko Femenia),17,Getafe Club de Fútbol SAD,Defender,ES
Alejandro San Cristóbal Sánchez (Alex Sancris),18,Getafe Club de Fútbol SAD,Forward,ES
Luis Vázquez (Luis Vazquez),19,Getafe Club de Fútbol SAD,Forward,AR
Veljko Birmancevic (Veljko Birmancevic),20,Getafe Club de Fútbol SAD,Forward,RS
Juan Iglesias (Iglesias),21,Getafe Club de Fútbol SAD,Defender,ES
Domingos de Sousa Coutinho Meneses Duarte (Domingos D),22,Getafe Club de Fútbol SAD,Defender,PT
Adrián Liso (Adrian Liso),23,Getafe Club de Fútbol SAD,Midfielder,ES
Zaid Romero (Zaid Romero),24,Getafe Club de Fútbol SAD,Defender,AR
David Cordón Mancha (Davinchi),26,Getafe Club de Fútbol SAD,Defender,ES
Mykyta Aleksandrov (Mykyta Aleksandrov),29,Getafe Club de Fútbol SAD,Forward,UA
Alberto Risco (Alberto Risco),30,Getafe Club de Fútbol SAD,Midfielder,ES
Ismael Bekhoucha (Ismael Bekhoucha),31,Getafe Club de Fútbol SAD,Forward,MA
Lucas Laso (Lucas Laso),32,Getafe Club de Fútbol SAD,Defender,ES
Marc Vilaplana (Marc Vilaplana),33,Getafe Club de Fútbol SAD,Defender,ES
Hugo Solozabal (Hugo Solozabal),34,Getafe Club de Fútbol SAD,Midfielder,ES
Jorge Benito (Jorge Benito),35,Getafe Club de Fútbol SAD,Goalkeeper,ES
José Luis Pérez del Amo (Joselu 7),37,Getafe Club de Fútbol SAD,Forward,ES
Yassin Tallal (Yassin Tallal),39,Getafe Club de Fútbol SAD,Defender,MA
Jorge Montes (Jorge Montes),41,Getafe Club de Fútbol SAD,Defender,ES
Diego Ferrer (Diego Ferrer),42,Getafe Club de Fútbol SAD,Goalkeeper,ES
Adrián Riquelme (Adrian Riquelme),44,Getafe Club de Fútbol SAD,Midfielder,ES
Alejandro Mestanza (Alejandro Mestanza),45,Getafe Club de Fútbol SAD,Midfielder,ES
Damián Cáceres (Damian 1),46,Getafe Club de Fútbol SAD,Midfielder,ES
Patri Moreno (Patri),,Getafe Club de Fútbol SAD,Assistant coach,ES
José Bordalás (Jose Bordalas),,Getafe Club de Fútbol SAD,Coach,ES
Rubén Blanco (Ruben Blanco),1,Girona Fútbol Club SAD,Goalkeeper,ES
Hugo Rincón (Hugo Rincon),2,Girona Fútbol Club SAD,Defender,ES
Joel Roca (Casals),3,Girona Fútbol Club SAD,Forward,ES
Arnau Martínez (Arnau 1),4,Girona Fútbol Club SAD,Defender,ES
David López (David Lopez),5,Girona Fútbol Club SAD,Midfielder,ES
Donny van de Beek (Donny Van De Beek),6,Girona Fútbol Club SAD,Forward,NL
Cristhian Stuani (Stuani),7,Girona Fútbol Club SAD,Forward,UY
Fran Beltrán (Fran Beltran),8,Girona Fútbol Club SAD,Midfielder,ES
Abel Ruiz (Abel Ruiz),9,Girona Fútbol Club SAD,Forward,ES
Thomas Lemar (Lemar),11,Girona Fútbol Club SAD,Midfielder,FR
Vitor de Oliveira Nunes dos Reis (Vitor Reis),12,Girona Fútbol Club SAD,Defender,BR
Paulo Gazzaniga (Paulo Gazzaniga),13,Girona Fútbol Club SAD,Goalkeeper,AR
Claudio Echeverri (Claudio Echeverri),14,Girona Fútbol Club SAD,Forward,AR
Viktor Tsyhankov (Viktor Tsygankov),15,Girona Fútbol Club SAD,Forward,UA
Alejandro Francés (A Frances),16,Girona Fútbol Club SAD,Defender,ES
Daley Blind (Daley Blind),17,Girona Fútbol Club SAD,Defender,NL
Azzedine Ounahi (Azzedine Ounahi),18,Girona Fútbol Club SAD,Midfielder,MA
Vladyslav Vanat (Vladyslav Vanat),19,Girona Fútbol Club SAD,Forward,UA
Axel Witsel (Axel Witsel),20,Girona Fútbol Club SAD,Midfielder,BE
Bryan Gil (Bryan),21,Girona Fútbol Club SAD,Forward,ES
Marc-André ter Stegen (Ter Stegen),22,Girona Fútbol Club SAD,Goalkeeper,DE
Iván Martín (Ivan Martin),23,Girona Fútbol Club SAD,Midfielder,ES
Álex Moreno (Alex Moreno),24,Girona Fútbol Club SAD,Forward,ES
Vladyslav Krapyvtsov (Vladyslav Krapyvtsov),25,Girona Fútbol Club SAD,Goalkeeper,UA
Pol Arnau (Pol Arnau),27,Girona Fútbol Club SAD,Defender,ES
Gibert Jordana (Gibi),28,Girona Fútbol Club SAD,Defender,ES
Lancinet Kourouma (Lancinet Kourouma),29,Girona Fútbol Club SAD,Midfielder,GN
Javier Sarasa (Javier Sarasa),30,Girona Fútbol Club SAD,Midfielder,ES
Antonio Salguero (Antonio Salguero),31,Girona Fútbol Club SAD,Defender,ES
Juan Arango (Juan Arango),32,Girona Fútbol Club SAD,Forward,VE
Ricard Artero (Ricard Artero),36,Girona Fútbol Club SAD,Midfielder,ES
Aleksandar Andreev (Aleksandar Andreev),43,Girona Fútbol Club SAD,Goalkeeper,BG
Papa Dame Ba (Papa Dame Ba),44,Girona Fútbol Club SAD,Midfielder,SN
Salva Fúnez (Salva 1),,Girona Fútbol Club SAD,Assistant coach,ES
Míchel Sánchez (Michel),,Girona Fútbol Club SAD,Coach,ES
Pablo Campos (Pablo Cunat),1,Levante Unión Deportiva SAD,Goalkeeper,ES
Matías Moreno (Matias Moreno),2,Levante Unión Deportiva SAD,Defender,AR
Alan Matturro (Alan Matturro),3,Levante Unión Deportiva SAD,Defender,UY
Adrián de la Fuente (De La Fuente),4,Levante Unión Deportiva SAD,Defender,ES
Unai Elgezabal (Elgezabal),5,Levante Unión Deportiva SAD,Defender,ES
Diego Pampín (Pampin),6,Levante Unión Deportiva SAD,Defender,ES
Roger Brugué (R Brugue),7,Levante Unión Deportiva SAD,Forward,ES
Jon Olasagasti (Jon Ander Olasagasti),8,Levante Unión Deportiva SAD,Midfielder,ES
Iván Romero (Ivan 2),9,Levante Unión Deportiva SAD,Forward,ES
Pablo Martínez (P Martinez),10,Levante Unión Deportiva SAD,Midfielder,ES
José Luis Morales (A J Morales),11,Levante Unión Deportiva SAD,Forward,ES
Unai Vencedor (Vencedor),12,Levante Unión Deportiva SAD,Midfielder,ES
Mathew Ryan (Mathew Ryan),13,Levante Unión Deportiva SAD,Goalkeeper,AU
Ugo Raghouber (Ugo Raghouber),14,Levante Unión Deportiva SAD,Midfielder,FR
Kervin Arriaga (Kervin Arriaga),16,Levante Unión Deportiva SAD,Midfielder,HN
Víctor García (Victor G 1),17,Levante Unión Deportiva SAD,Defender,ES
Iker Losada (Losada),18,Levante Unión Deportiva SAD,Midfielder,ES
Carlos Espí (Carlos Espi),19,Levante Unión Deportiva SAD,Forward,ES
Oriol Rey (O Rey),20,Levante Unión Deportiva SAD,Midfielder,ES
Karl Etta Eyong (Etta Eyong),21,Levante Unión Deportiva SAD,Forward,CM
Jeremy Toljan (Jeremy Toljan),22,Levante Unión Deportiva SAD,Defender,DE
Manu Sánchez (M Sanchez),23,Levante Unión Deportiva SAD,Defender,ES
Carlos Álvarez (Carlos A),24,Levante Unión Deportiva SAD,Midfielder,ES
Kareem Tunde (Kareem Tunde),26,Levante Unión Deportiva SAD,Midfielder,ES
Paco Cortés (Paco Cortes),27,Levante Unión Deportiva SAD,Midfielder,ES
Martín Krug (Martin Krug),28,Levante Unión Deportiva SAD,Defender,PA
Nacho Pérez (Nacho Perez 1),29,Levante Unión Deportiva SAD,Defender,ES
Pablo Rosón (Pablo Roson),30,Levante Unión Deportiva SAD,Midfielder,ES
Álex Primo (Alejandro Primo),32,Levante Unión Deportiva SAD,Goalkeeper,ES
Joan Ruiz (Joan Ruiz Agustina),33,Levante Unión Deportiva SAD,Midfielder,ES
Cayetano Romero (Cayetano),34,Levante Unión Deportiva SAD,Goalkeeper,ES
Huseini Nakoha (Huseini Nakoha),35,Levante Unión Deportiva SAD,Defender,GH
Dani Cervera (Dani Cervera),37,Levante Unión Deportiva SAD,Midfielder,ES
Luís Manuel Ferreira de Castro (Luis Manuel Ferreira De Castro),,Levante Unión Deportiva SAD,Coach,PT
Carlos Garcia (Carlos Garcia 7),,Levante Unión Deportiva SAD,Assistant coach,ES
Ángel Fortuño (Angel F),1,RCD Espanyol de Barcelona,Goalkeeper,ES
Rubén Sánchez (Ruben Sanchez 3),2,RCD Espanyol de Barcelona,Midfielder,ES
Urko González de Zárate Quirós (Gonzalez De Zarate),4,RCD Espanyol de Barcelona,Defender,ES
Fernando Calero (Calero),5,RCD Espanyol de Barcelona,Defender,ES
Leandro Cabrera (Cabrera),6,RCD Espanyol de Barcelona,Defender,UY
Javi Puado (Puado),7,RCD Espanyol de Barcelona,Midfielder,ES
Edu Expósito (Edu Exposito),8,RCD Espanyol de Barcelona,Midfielder,ES
Roberto Fernández (Roberto Fernandez 2),9,RCD Espanyol de Barcelona,Forward,ES
Pol Lozano (Pol Lozano),10,RCD Espanyol de Barcelona,Midfielder,ES
Pere Milla (Pere Milla),11,RCD Espanyol de Barcelona,Forward,ES
José Salinas (Salinas 1),12,RCD Espanyol de Barcelona,Defender,ES
Marko Dmitrovic (Dmitrovic),13,RCD Espanyol de Barcelona,Goalkeeper,RS
Ramon Terrats (R Terrats),14,RCD Espanyol de Barcelona,Midfielder,ES
Miguel Rubio (Miguel Rubio),15,RCD Espanyol de Barcelona,Defender,ES
Cyril Ngonge (Cyril Ngonge),16,RCD Espanyol de Barcelona,Midfielder,BE
Jofre Carreras (J Carreras),17,RCD Espanyol de Barcelona,Forward,ES
Charles Pickel (Charles Pickel),18,RCD Espanyol de Barcelona,Midfielder,CD
Kike García (Kike G),19,RCD Espanyol de Barcelona,Forward,ES
Antoniu Roca (Antoniu Roca),20,RCD Espanyol de Barcelona,Midfielder,ES
Carlos Romero (Carlos Romero),22,RCD Espanyol de Barcelona,Defender,ES
Omar El Hilali (Omar 1),23,RCD Espanyol de Barcelona,Defender,MA
Tyrhys Dolan (Tyrhys Dolan),24,RCD Espanyol de Barcelona,Forward,GB-ENG
Miguel Londoño (Miguel Londono),26,RCD Espanyol de Barcelona,Midfielder,ES
Adama Timera (Adama Timera),27,RCD Espanyol de Barcelona,Defender,FR
Ferran Gómez Gómez (Ferran Gomez),28,RCD Espanyol de Barcelona,Midfielder,ES
Pol Tristán (Pol Tristan),30,RCD Espanyol de Barcelona,Goalkeeper,ES
Llorenç Serred Martínez (Llorenc Serred),31,RCD Espanyol de Barcelona,Goalkeeper,ES
Lluc Castell Solé (Lluc Castell),32,RCD Espanyol de Barcelona,Forward,ES
Alex Almansa (Alex Almansa),33,RCD Espanyol de Barcelona,Defender,ES
Clemens Riedel (Clemens Riedel),38,RCD Espanyol de Barcelona,Defender,DE
José Manuel González Álvarez (Jose Manuel Gonzalez Alvarez),,RCD Espanyol de Barcelona,Coach,ES
Gerard Garrido (Gerard Garrido),,RCD Espanyol de Barcelona,Assistant coach,ES
Dani Cárdenas (Cardenas),1,Rayo Vallecano de Madrid SAD,Goalkeeper,ES
Andrei Ratiu (Andrei),2,Rayo Vallecano de Madrid SAD,Defender,RO
Pep Chavarría (Chavarria 1),3,Rayo Vallecano de Madrid SAD,Defender,ES
Pedro Díaz (Pedro Diaz),4,Rayo Vallecano de Madrid SAD,Midfielder,ES
Luiz Felipe Ramos Marchi (Luiz Felipe),5,Rayo Vallecano de Madrid SAD,Defender,IT
Pathé Ciss (Pathe Ciss),6,Rayo Vallecano de Madrid SAD,Midfielder,SN
Isi Palazón (Isi 2),7,Rayo Vallecano de Madrid SAD,Midfielder,ES
Óscar Trejo (Oscar Trejo),8,Rayo Vallecano de Madrid SAD,Forward,AR
Alexandre Zurawski (Alemao 1),9,Rayo Vallecano de Madrid SAD,Forward,BR
Sergio Camello (Camello),10,Rayo Vallecano de Madrid SAD,Forward,ES
Randy Nteka (Nteka),11,Rayo Vallecano de Madrid SAD,Midfielder,AO
Ilias Akhomach (Ilias Akhomach),12,Rayo Vallecano de Madrid SAD,Forward,MA
Augusto Batalla (Augusto Batalla),13,Rayo Vallecano de Madrid SAD,Goalkeeper,AR
Carlos Martín (Carlos Martin),14,Rayo Vallecano de Madrid SAD,Midfielder,ES
Gerard Gumbau (Gumbau),15,Rayo Vallecano de Madrid SAD,Midfielder,ES
Abdul Mumin (Abdul Mumin),16,Rayo Vallecano de Madrid SAD,Defender,GH
Unai López (Unai Lopez),17,Rayo Vallecano de Madrid SAD,Midfielder,ES
Álvaro García (Alvaro 1),18,Rayo Vallecano de Madrid SAD,Midfielder,ES
Jorge de Frutos (De Frutos 1),19,Rayo Vallecano de Madrid SAD,Midfielder,ES
Iván Balliu (Balliu),20,Rayo Vallecano de Madrid SAD,Defender,AL
Fran Pérez (Francisco Martinez 1),21,Rayo Vallecano de Madrid SAD,Midfielder,ES
Luis Alfonso Espino García (A Espino),22,Rayo Vallecano de Madrid SAD,Defender,UY
Óscar Valentín (Oscar 5),23,Rayo Vallecano de Madrid SAD,Midfielder,ES
Florian Lejeune (Lejeune),24,Rayo Vallecano de Madrid SAD,Defender,FR
Marco de Las Sias (Marco De Las Sias),26,Rayo Vallecano de Madrid SAD,Defender,ES
Samu Becerra (Samu Becerra),28,Rayo Vallecano de Madrid SAD,Midfielder,ES
Juan Pedro Gil Bueno (Juanpe 1),30,Rayo Vallecano de Madrid SAD,Goalkeeper,ES
Nobel Mendy (Nobel Mendy),32,Rayo Vallecano de Madrid SAD,Defender,SN
Jozhua Vertrouwd (Jozhua Vertrouwd),33,Rayo Vallecano de Madrid SAD,Defender,NL
Adrián Molina (Adrian Molina),40,Rayo Vallecano de Madrid SAD,Goalkeeper,ES
Iñigo Pérez (Inigo Perez 1),,Rayo Vallecano de Madrid SAD,Coach,ES
Javier Mallo (Pedro Javier Mallo),,Rayo Vallecano de Madrid SAD,Assistant coach,ES
Álvaro Valles (A Valles),1,Real Betis Balompié SAD,Goalkeeper,ES
Héctor Bellerín (Hector Bellerin),2,Real Betis Balompié SAD,Defender,ES
Diego Llorente (Llorente R),3,Real Betis Balompié SAD,Defender,ES
Natan Bernardo de Souza (Natan),4,Real Betis Balompié SAD,Defender,BR
Marc Bartra (Bartra),5,Real Betis Balompié SAD,Defender,ES
Sergi Altimira (Sergi Altimira),6,Real Betis Balompié SAD,Midfielder,ES
Antony Matheus dos Santos (Antony),7,Real Betis Balompié SAD,Forward,BR
Pablo Fornals (P Fornals),8,Real Betis Balompié SAD,Midfielder,ES
Chimy Ávila (Chimy Avila),9,Real Betis Balompié SAD,Forward,AR
Abde Ezzalzouli (Abdessamad Ezzalzouli),10,Real Betis Balompié SAD,Forward,MA
Cédric Bakambu (Bakambu),11,Real Betis Balompié SAD,Forward,CD
Ricardo Rodríguez (Ricardo Rodriguez 1),12,Real Betis Balompié SAD,Defender,CH
Adrián San Miguel del Castillo (Adrian 2),13,Real Betis Balompié SAD,Goalkeeper,ES
Sofyan Amrabat (Sofyan Amrabat),14,Real Betis Balompié SAD,Midfielder,MA
Álvaro Fidalgo (Fidalgo),15,Real Betis Balompié SAD,Midfielder,MX
Valentín Gómez (Valentin Gomez),16,Real Betis Balompié SAD,Defender,AR
Rodrigo Riquelme (Riquelme),17,Real Betis Balompié SAD,Midfielder,ES
Nelson Deossa (Nelson Deossa),18,Real Betis Balompié SAD,Midfielder,CO
Cucho Hernández (Cucho),19,Real Betis Balompié SAD,Forward,CO
Giovani Lo Celso (Lo Celso),20,Real Betis Balompié SAD,Midfielder,AR
Marc Roca (Marc Roca),21,Real Betis Balompié SAD,Midfielder,ES
Francisco Román Alarcón Suárez (Isco),22,Real Betis Balompié SAD,Midfielder,ES
Junior Firpo (Junior),23,Real Betis Balompié SAD,Defender,DO
Aitor Ruibal (Aitor R),24,Real Betis Balompié SAD,Forward,ES
Pau López (Pau Lopez),25,Real Betis Balompié SAD,Goalkeeper,ES
José Antonio Morante Antúnez (Jose Morante),27,Real Betis Balompié SAD,Forward,ES
Rodrigo Marina (Rodrigo Marina 1),29,Real Betis Balompié SAD,Forward,ES
Germán García (German Garcia),30,Real Betis Balompié SAD,Goalkeeper,ES
Carlos de Roa (Carlos De Roa),33,Real Betis Balompié SAD,Defender,ES
Mohamed Yassime Hamdoune ,34,Real Betis Balompié SAD,Midfielder,
Darling Bladi (Darling Bladi),36,Real Betis Balompié SAD,Defender,FR
Dani Pérez (Daniel Perez),37,Real Betis Balompié SAD,Midfielder,ES
Jorge Javier Oreiro Masid ,38,Real Betis Balompié SAD,Defender,
Ginés Sorroche (Gines Sorroche),39,Real Betis Balompié SAD,Midfielder,ES
Ángel Ortiz (Angel Ortiz),40,Real Betis Balompié SAD,Midfielder,ES
Manu González (Manu Gonzalez),41,Real Betis Balompié SAD,Goalkeeper,ES
Pablo Busto (Pablo Busto 1),42,Real Betis Balompié SAD,Defender,ES
Ismael Barea (Ismael Barea),44,Real Betis Balompié SAD,Midfielder,ES
Carlos Reina (Carlos Reina),47,Real Betis Balompié SAD,Midfielder,ES
Iván Corralejo (Ivan Corralejo),50,Real Betis Balompié SAD,Midfielder,ES
Pablo García (Pablo Garcia 5),52,Real Betis Balompié SAD,Forward,ES
Oscar Masqué Garcia ,57,Real Betis Balompié SAD,Defender,
Manuel Pellegrini (Manuel Pellegrini),,Real Betis Balompié SAD,Coach,CL
Ruben Cousillas (Ruben 4),,Real Betis Balompié SAD,Assistant coach,AR
Iván Villar (Ivan Villar),1,Real Club Celta de Vigo SAD,Goalkeeper,ES
Carl Starfelt (Carl Starfelt),2,Real Club Celta de Vigo SAD,Defender,SE
Óscar Mingueza (Mingueza),3,Real Club Celta de Vigo SAD,Defender,ES
Joseph Aidoo (Aidoo Jr),4,Real Club Celta de Vigo SAD,Defender,GH
Sergio Carreira (S Carreira),5,Real Club Celta de Vigo SAD,Defender,ES
Moriba Kourouma Kourouma (Ilaix),6,Real Club Celta de Vigo SAD,Midfielder,GN
Borja Iglesias (B Iglesias),7,Real Club Celta de Vigo SAD,Forward,ES
Fer López (Fernando Lopez),8,Real Club Celta de Vigo SAD,Forward,ES
Ferran Jutglà (Ferran 1),9,Real Club Celta de Vigo SAD,Forward,ES
Iago Aspas (Iago Aspas),10,Real Club Celta de Vigo SAD,Forward,ES
Franco Cervi (Franco Cervi),11,Real Club Celta de Vigo SAD,Forward,AR
Manu Fernández (Manuel Fernandez 2),12,Real Club Celta de Vigo SAD,Defender,ES
Ionut Radu (Ionut Radu),13,Real Club Celta de Vigo SAD,Goalkeeper,RO
Álvaro Núñez (Alvaro Nunez),14,Real Club Celta de Vigo SAD,Defender,ES
Matías Vecino (Matias Vecino),15,Real Club Celta de Vigo SAD,Midfielder,UY
Miguel Román (Miguel Roman),16,Real Club Celta de Vigo SAD,Midfielder,ES
Javi Rueda (Javier Rueda),17,Real Club Celta de Vigo SAD,Defender,ES
Pablo Durán (Pablo Duran),18,Real Club Celta de Vigo SAD,Forward,ES
Williot Swedberg (Williot Swedberg),19,Real Club Celta de Vigo SAD,Midfielder,SE
Marcos Alonso (Marcos Alonso),20,Real Club Celta de Vigo SAD,Defender,ES
Mihailo Ristic (Mihailo Ristic),21,Real Club Celta de Vigo SAD,Defender,RS
Hugo Sotelo (Hugo Sotelo),22,Real Club Celta de Vigo SAD,Midfielder,ES
Hugo Álvarez (Hugo Alvarez 1),23,Real Club Celta de Vigo SAD,Midfielder,ES
Carlos Domínguez (C Dominguez),24,Real Club Celta de Vigo SAD,Defender,ES
Marc Vidal (Marc Vidal),25,Real Club Celta de Vigo SAD,Goalkeeper,ES
Ángel Arcos (Angel Arcos),28,Real Club Celta de Vigo SAD,Midfielder,ES
Yoel Lago (Yoel Lago),29,Real Club Celta de Vigo SAD,Defender,ES
Hugo González (Hugo Gonzalez 1),30,Real Club Celta de Vigo SAD,Midfielder,ES
Pablo Meixús (Pablo Meixus 1),31,Real Club Celta de Vigo SAD,Defender,ES
Javi Rodríguez (Javier Rodriguez 1),32,Real Club Celta de Vigo SAD,Defender,ES
Óscar Marcos (Oscar Marcos 1),33,Real Club Celta de Vigo SAD,Forward,ES
Andrés Antañón (Andres Antanon 1),36,Real Club Celta de Vigo SAD,Midfielder,ES
Hugo Burcio (Hugo Burcio 1),38,Real Club Celta de Vigo SAD,Midfielder,ES
Jones El Abdellaoui (Jones El Abdellaoui),39,Real Club Celta de Vigo SAD,Forward,MA
Claudio Giráldez (Claudio Giraldez),,Real Club Celta de Vigo SAD,Coach,ES
Rober Fernández (Roberto Fernandez Martinez),,Real Club Celta de Vigo SAD,Assistant coach,ES
Leo Román (Leo 1),1,Real Club Deportivo Mallorca SAD,Goalkeeper,ES
Mateu Morey (Mateu Morey),2,Real Club Deportivo Mallorca SAD,Defender,ES
Antonio Latorre Grueso (Lato),3,Real Club Deportivo Mallorca SAD,Defender,ES
Marash Kumbulla (Marash Kumbulla),4,Real Club Deportivo Mallorca SAD,Midfielder,AL
Omar Mascarell (Mascarell),5,Real Club Deportivo Mallorca SAD,Midfielder,GQ
Antonio Sánchez (Sanchez),6,Real Club Deportivo Mallorca SAD,Midfielder,ES
Vedat Muriqi (Vedat Muriqi),7,Real Club Deportivo Mallorca SAD,Forward,XK
Manu Morlanes (Morlanes),8,Real Club Deportivo Mallorca SAD,Midfielder,ES
Abdón Prats (Abdon),9,Real Club Deportivo Mallorca SAD,Forward,ES
Sergi Darder (S Darder),10,Real Club Deportivo Mallorca SAD,Midfielder,ES
Takuma Asano (Takuma Asano),11,Real Club Deportivo Mallorca SAD,Forward,JP
Samuel de Almeida Costa (Samu 3),12,Real Club Deportivo Mallorca SAD,Midfielder,PT
Lucas Bergström (Lucas Bergstrom),13,Real Club Deportivo Mallorca SAD,Goalkeeper,FI
Zito André Sebastião Luvumbo (Zito),15,Real Club Deportivo Mallorca SAD,Forward,AO
Jan Virgili (Jan Virgili),17,Real Club Deportivo Mallorca SAD,Forward,ES
Mateo Joseph (Mateo Joseph),18,Real Club Deportivo Mallorca SAD,Forward,ES
Javi Llabrés (Javi Llabres),19,Real Club Deportivo Mallorca SAD,Forward,ES
Pablo Torre (Pablo Torre),20,Real Club Deportivo Mallorca SAD,Midfielder,ES
Antonio Raíllo (A Raillo),21,Real Club Deportivo Mallorca SAD,Defender,ES
Johan Mojica (J Mojica),22,Real Club Deportivo Mallorca SAD,Midfielder,CO
Pablo Maffeo (Maffeo),23,Real Club Deportivo Mallorca SAD,Defender,AR
Martin Valjent (Valjent),24,Real Club Deportivo Mallorca SAD,Defender,SK
Iván Cuéllar Sacristán (Cuellar),25,Real Club Deportivo Mallorca SAD,Goalkeeper,ES
Iliesse Salhi (Iliesse Salhi),26,Real Club Deportivo Mallorca SAD,Defender,FR
David López (David Lopez 4),27,Real Club Deportivo Mallorca SAD,Defender,ES
Cesc Riba (Cesc Riba),28,Real Club Deportivo Mallorca SAD,Midfielder,ES
Luis Orejuela (Luis Orejuela),29,Real Club Deportivo Mallorca SAD,Defender,ES
Justin Kalumba (Justin Noel Kalumba),30,Real Club Deportivo Mallorca SAD,Forward,FR
Leo Sánchez (Leo Sanchez),32,Real Club Deportivo Mallorca SAD,Defender,ES
Javier Olaizola (Javier Olaizola),34,Real Club Deportivo Mallorca SAD,Defender,ES
Nil Torreguitart (Nil Torreguitart),38,Real Club Deportivo Mallorca SAD,Goalkeeper,ES
Jandro García (Jandro Garcia),39,Real Club Deportivo Mallorca SAD,Midfielder,ES
Jan Salas (Jan Salas),41,Real Club Deportivo Mallorca SAD,Midfielder,ES
Rares Vlad (Rares Vlad),42,Real Club Deportivo Mallorca SAD,Goalkeeper,RO
Miguel Calatayud (Miguel Calatayud),44,Real Club Deportivo Mallorca SAD,Defender,ES
Martín Demichelis (Martin Demichelis),,Real Club Deportivo Mallorca SAD,Coach,AR
Diego Raimondi (Diego Raimondi),,Real Club Deportivo Mallorca SAD,Assistant coach,IT
Thibaut Courtois (Courtois),1,Real Madrid Club de Fútbol,Goalkeeper,BE
Dani Carvajal (Carvajal),2,Real Madrid Club de Fútbol,Defender,ES
Éder Gabriel Militão Pinheiro (E Militao),3,Real Madrid Club de Fútbol,Defender,BR
David Alaba (David Alaba),4,Real Madrid Club de Fútbol,Defender,AT
Jude Bellingham (Jude Bellingham),5,Real Madrid Club de Fútbol,Midfielder,GB-ENG
Eduardo Camavinga (Eduardo Camavinga),6,Real Madrid Club de Fútbol,Midfielder,FR
Vinícius José Paixão de Oliveira Júnior (Vini Jr),7,Real Madrid Club de Fútbol,Forward,BR
Federico Valverde (Valverde 1),8,Real Madrid Club de Fútbol,Midfielder,UY
Kylian Mbappé (Kylian Mbappe Lottin),10,Real Madrid Club de Fútbol,Forward,FR
Rodrygo Silva de Goes (Rodrygo),11,Real Madrid Club de Fútbol,Forward,BR
Trent Alexander-Arnold (Trent Alexander Arnold),12,Real Madrid Club de Fútbol,Defender,GB-ENG
Andrii Lunin (Lunin),13,Real Madrid Club de Fútbol,Goalkeeper,UA
Aurélien Tchouaméni (Aurelien Tchouameni),14,Real Madrid Club de Fútbol,Midfielder,FR
Arda Güler (Arda Guler),15,Real Madrid Club de Fútbol,Midfielder,TR
Gonzalo García (Gonzalo Garcia 1),16,Real Madrid Club de Fútbol,Forward,ES
Raúl Asencio (Raul),17,Real Madrid Club de Fútbol,Defender,ES
Álvaro Carreras (Alvaro Fernandez 1),18,Real Madrid Club de Fútbol,Defender,ES
Dani Ceballos (D Ceballos),19,Real Madrid Club de Fútbol,Midfielder,ES
Fran García (Fran Garcia 1),20,Real Madrid Club de Fútbol,Defender,ES
Brahim Díaz (Brahim),21,Real Madrid Club de Fútbol,Midfielder,MA
Antonio Rüdiger (Antonio Rudiger),22,Real Madrid Club de Fútbol,Defender,DE
Ferland Mendy (F Mendy),23,Real Madrid Club de Fútbol,Defender,FR
Dean Huijsen (Dean Huijsen),24,Real Madrid Club de Fútbol,Defender,ES
Fran González (Francisco Gonzalez),26,Real Madrid Club de Fútbol,Goalkeeper,ES
Diego Aguado (Diego Aguado),27,Real Madrid Club de Fútbol,Defender,ES
Jorge Cestero (Jorge Cestero 1),28,Real Madrid Club de Fútbol,Midfielder,ES
Javier Navarro (Javier Navarro 1),29,Real Madrid Club de Fútbol,Goalkeeper,ES
Franco Mastantuono (Franco Mastantuono),30,Real Madrid Club de Fútbol,Midfielder,AR
Jesús Fortea (Jesus Fortea),32,Real Madrid Club de Fútbol,Defender,ES
Pol Fortuny (Pol Fortuny),33,Real Madrid Club de Fútbol,Midfielder,ES
David Jiménez (David Jimenez 1),35,Real Madrid Club de Fútbol,Defender,ES
Joan Martínez (Joan Martinez),36,Real Madrid Club de Fútbol,Defender,ES
Manuel Ángel (Manuel Angel 1),37,Real Madrid Club de Fútbol,Midfielder,ES
César Palacios (Cesar Palacios),38,Real Madrid Club de Fútbol,Midfielder,ES
Víctor Valdepeñas Talavera (Valde),40,Real Madrid Club de Fútbol,Defender,ES
Daniel Yáñez (Daniel Yanez),42,Real Madrid Club de Fútbol,Forward,ES
Sergio Mestre (Sergio Mestre),43,Real Madrid Club de Fútbol,Goalkeeper,ES
Thiago Pitarch (Thiago Pitarch),45,Real Madrid Club de Fútbol,Midfielder,ES
Álvaro Leiva (Alvaro Leiva),46,Real Madrid Club de Fútbol,Midfielder,ES
Daniel Mesonero Miguel (Dani Meso),47,Real Madrid Club de Fútbol,Midfielder,ES
Lamini Fati (Lamini Fati),48,Real Madrid Club de Fútbol,Defender,ES
Álvaro Arbeloa (Alvaro Arbeloa Coca),,Real Madrid Club de Fútbol,Coach,ES
Julián Carmona (Julian Carmona),,Real Madrid Club de Fútbol,Assistant coach,ES
Horatiu Moldovan (Horatiu Moldovan),1,Real Oviedo SAD,Goalkeeper,RO
Eric Bailly (Eric Bailly),2,Real Oviedo SAD,Defender,CI
Rahim Alhassane (Abdel Alhassane),3,Real Oviedo SAD,Defender,NE
David Costas (David Costas),4,Real Oviedo SAD,Defender,ES
Alberto Reina (Alberto Reina),5,Real Oviedo SAD,Midfielder,ES
Kwasi Sibo (Kwasi Sibo),6,Real Oviedo SAD,Midfielder,GH
Ilyas Chaira (Ilyas Chaira),7,Real Oviedo SAD,Midfielder,MA
Santi Cazorla (S Cazorla),8,Real Oviedo SAD,Midfielder,ES
Federico Viñas (Federico Vinas),9,Real Oviedo SAD,Forward,UY
Haissem Hassan (Haissem Hassan),10,Real Oviedo SAD,Midfielder,EG
Santiago Colombatto (Santiago Colombatto),11,Real Oviedo SAD,Midfielder,AR
Dani Calvo (Dani Calvo),12,Real Oviedo SAD,Defender,ES
Aarón Escandell (Aaron),13,Real Oviedo SAD,Goalkeeper,ES
Ovie Ejaria (Ovie Ejaria),14,Real Oviedo SAD,Midfielder,GB-ENG
Thiago Fernández (Thiago Fernandez),15,Real Oviedo SAD,Midfielder,AR
David Mota Veiga Teixeira do Carmo (David Carmo),16,Real Oviedo SAD,Defender,AO
Thiago Borbas (Thiago Borbas),17,Real Oviedo SAD,Forward,UY
Álex Forés (Alex Fores),19,Real Oviedo SAD,Forward,ES
Leander Dendoncker (Leander Dendoncker),20,Real Oviedo SAD,Midfielder,BE
Luka Ilic (Luka Ilic),21,Real Oviedo SAD,Midfielder,RS
Nacho Vidal (Nacho Vidal),22,Real Oviedo SAD,Defender,ES
Nicolás Fonseca (Nicolas Fonseca),23,Real Oviedo SAD,Midfielder,UY
Lucas Ahijado (Lucas 2),24,Real Oviedo SAD,Midfielder,ES
Javi López (Javi Lopez 4),25,Real Oviedo SAD,Defender,ES
Miguel Narváez (Miguel Narvaez),26,Real Oviedo SAD,Goalkeeper,ES
Pablo Agudín (Pablo Agudin),27,Real Oviedo SAD,Forward,ES
Lamine Gueye (Lamine Gueye 1),28,Real Oviedo SAD,Forward,SN
Omar Falah (Omar Falah),29,Real Oviedo SAD,Defender,ES
Marco Esteban (Marco Esteban),30,Real Oviedo SAD,Defender,ES
José Luis Pereda López (Cheli),31,Real Oviedo SAD,Midfielder,ES
Diego Menéndez (Diego Menendez),32,Real Oviedo SAD,Midfielder,ES
Diego Espinosa (Diego Espinosa),33,Real Oviedo SAD,Defender,ES
Adri Fernández (Adri Fernandez 2),34,Real Oviedo SAD,Defender,ES
Guillermo Almada (Guillermo Almada),,Real Oviedo SAD,Coach,UY
Darwin Quintana (Darwin Quintana),,Real Oviedo SAD,Assistant coach,UY
Álex Remiro (A Remiro),1,Real Sociedad de Fútbol SAD,Goalkeeper,ES
Jon Aramburu (Jon Aramburu),2,Real Sociedad de Fútbol SAD,Defender,VE
Aihen Muñoz (Aihen),3,Real Sociedad de Fútbol SAD,Defender,ES
Jon Gorrotxategi (Jon Gorrotxategi),4,Real Sociedad de Fútbol SAD,Midfielder,ES
Igor Zubeldia (Zubeldia),5,Real Sociedad de Fútbol SAD,Midfielder,ES
Aritz Elustondo (Aritz),6,Real Sociedad de Fútbol SAD,Defender,ES
Ander Barrenetxea (Barrenetxea),7,Real Sociedad de Fútbol SAD,Forward,ES
Beñat Turrientes (Benat Turrientes),8,Real Sociedad de Fútbol SAD,Midfielder,ES
Orri Óskarsson (Orri Oskarsson),9,Real Sociedad de Fútbol SAD,Forward,IS
Mikel Oyarzabal (Oyarzabal),10,Real Sociedad de Fútbol SAD,Forward,ES
Gonçalo Manuel Ganchinho Guedes (Guedes),11,Real Sociedad de Fútbol SAD,Midfielder,PT
Yangel Herrera (Herrera 1),12,Real Sociedad de Fútbol SAD,Midfielder,VE
Unai Marrero (Marrero),13,Real Sociedad de Fútbol SAD,Goalkeeper,ES
Takefusa Kubo (Take),14,Real Sociedad de Fútbol SAD,Midfielder,JP
Pablo Marín (Pablo Marin),15,Real Sociedad de Fútbol SAD,Midfielder,ES
Duje Caleta-Car (Duje Caleta Car),16,Real Sociedad de Fútbol SAD,Defender,HR
Sergio Gómez (Sergio Gomez),17,Real Sociedad de Fútbol SAD,Forward,ES
Carlos Soler (C Soler),18,Real Sociedad de Fútbol SAD,Midfielder,ES
Jon Karrikaburu (Karrikaburu),19,Real Sociedad de Fútbol SAD,Forward,ES
Álvaro Odriozola (Odriozola),20,Real Sociedad de Fútbol SAD,Defender,ES
Arsen Zakharyan (Arsen Zakharyan),21,Real Sociedad de Fútbol SAD,Midfielder,RU
Wesley Gassova Ribeiro Teixeira (Wesley 4),22,Real Sociedad de Fútbol SAD,Midfielder,BR
Brais Méndez (Brais Mendez),23,Real Sociedad de Fútbol SAD,Midfielder,ES
Luka Sucic (Luka Sucic),24,Real Sociedad de Fútbol SAD,Midfielder,HR
Daniel Díaz (Daniel Diaz),26,Real Sociedad de Fútbol SAD,Midfielder,ES
Jon Martín (Jon Martin),31,Real Sociedad de Fútbol SAD,Defender,ES
Aitor Fraga (Aitor Fraga),32,Real Sociedad de Fútbol SAD,Goalkeeper,ES
Arkaitz Mariezkurrena (Arkaitz Mariezkurrena),34,Real Sociedad de Fútbol SAD,Forward,ES
Alex Lebarbier (Alex Lebarbier),36,Real Sociedad de Fútbol SAD,Defender,FR
Luken Beitia (Luken Beitia),38,Real Sociedad de Fútbol SAD,Defender,ES
Alex Marchal (Alex Marchal),40,Real Sociedad de Fútbol SAD,Midfielder,ES
Theo Folgado (Theo Folgado),41,Real Sociedad de Fútbol SAD,Goalkeeper,ES
Gorka Carrera (Gorka Carrera),42,Real Sociedad de Fútbol SAD,Forward,ES
Tomás Carbonell (Tomas Carbonell),43,Real Sociedad de Fútbol SAD,Midfielder,ES
Lander Astiazarán (Lander Astiazaran),44,Real Sociedad de Fútbol SAD,Midfielder,ES
Kazunari Kita (Kazunari Kita),45,Real Sociedad de Fútbol SAD,Defender,JP
Ibai Aguirre (Ibai Aguirre),46,Real Sociedad de Fútbol SAD,Midfielder,ES
Job Ochieng (Job Ochieng),47,Real Sociedad de Fútbol SAD,Midfielder,KE
Pellegrino Matarazzo (Pellegrino Matarazzo),,Real Sociedad de Fútbol SAD,Coach,US
John Maisano (John Maisano),,Real Sociedad de Fútbol SAD,Assistant coach,AU
Odysseas Vlachodimos (Odisseas Vlachodimos),1,Sevilla Fútbol Club SAD,Goalkeeper,GR
José Ángel Carmona (Jose Angel Carmona),2,Sevilla Fútbol Club SAD,Defender,ES
César Azpilicueta (Cesar Azpilicueta),3,Sevilla Fútbol Club SAD,Defender,ES
Kike Salas (Kike Salas),4,Sevilla Fútbol Club SAD,Defender,ES
Tanguy Nianzou (Nianzou Kouassi),5,Sevilla Fútbol Club SAD,Defender,FR
Nemanja Gudelj (Gudelj),6,Sevilla Fútbol Club SAD,Midfielder,RS
Isaac Romero (Isaac Romero),7,Sevilla Fútbol Club SAD,Forward,ES
Joan Jordán (Jordan),8,Sevilla Fútbol Club SAD,Midfielder,ES
Akor Adams (Akor Adams),9,Sevilla Fútbol Club SAD,Forward,NG
Alexis Sánchez (Alexis Sanchez),10,Sevilla Fútbol Club SAD,Forward,CL
Rubén Vargas (Ruben Vargas),11,Sevilla Fútbol Club SAD,Forward,CH
Gabriel Suazo (Gabriel Suazo),12,Sevilla Fútbol Club SAD,Defender,CL
Ørjan Nyland (Orjan Nyland),13,Sevilla Fútbol Club SAD,Goalkeeper,NO
Gerard Fernández Castellano (Peque 1),14,Sevilla Fútbol Club SAD,Forward,ES
Fábio Rafael Rodrigues Cardoso (Fabio Cardoso),15,Sevilla Fútbol Club SAD,Defender,PT
Juanlu Sánchez (Juanlu 1),16,Sevilla Fútbol Club SAD,Midfielder,ES
Neal Maupay (Neal Maupay),17,Sevilla Fútbol Club SAD,Forward,FR
Lucien Agoumé (Lucien Agoume),18,Sevilla Fútbol Club SAD,Midfielder,FR
Batista Mendy (Batista Mendy),19,Sevilla Fútbol Club SAD,Midfielder,FR
Djibril Sow (Djibril Sow),20,Sevilla Fútbol Club SAD,Midfielder,CH
Chidera Ejuke (Chidera Ejuke),21,Sevilla Fútbol Club SAD,Forward,NG
Federico Gattoni (Federico Gattoni),22,Sevilla Fútbol Club SAD,Defender,AR
Marcos do Nascimento Teixeira (Marcao),23,Sevilla Fútbol Club SAD,Defender,BR
Adnan Januzaj (Januzaj),24,Sevilla Fútbol Club SAD,Midfielder,BE
Álex Costa (Alex Costa),26,Sevilla Fútbol Club SAD,Forward,ES
Manu Bueno (Manu Bueno),28,Sevilla Fútbol Club SAD,Midfielder,ES
Miguel Sierra (Miguel Sierra),29,Sevilla Fútbol Club SAD,Forward,ES
Alberto Flores (Alberto Flores),31,Sevilla Fútbol Club SAD,Goalkeeper,ES
Andrés Castrín (Castrin),32,Sevilla Fútbol Club SAD,Defender,ES
Rafael Romero (Rafa Romero),33,Sevilla Fútbol Club SAD,Goalkeeper,ES
Joaquín Martínez Gauna (Oso),36,Sevilla Fútbol Club SAD,Defender,ES
Nico Guillén (Nico Guillen 1),38,Sevilla Fútbol Club SAD,Midfielder,ES
Edu Altozano (Edu Altozano),39,Sevilla Fútbol Club SAD,Midfielder,ES
Lorenzo Luchino (Lorenzo Luchino),40,Sevilla Fútbol Club SAD,Goalkeeper,AR
Iker Ortín (Iker Ortin),41,Sevilla Fútbol Club SAD,Defender,ES
Luis García (Luis Garcia),,Sevilla Fútbol Club SAD,Coach,ES
Pedro Rostoll (Pedro Rostoll),,Sevilla Fútbol Club SAD,Assistant coach,ES
Stole Dimitrievski (Dimitrievski),1,Valencia Club de Fútbol SAD,Goalkeeper,MK
Guido Rodríguez (G Rodriguez),2,Valencia Club de Fútbol SAD,Midfielder,AR
José Manuel Arias Copete (Copete),3,Valencia Club de Fútbol SAD,Defender,ES
Unai Núñez (Nunez 2),4,Valencia Club de Fútbol SAD,Defender,ES
César Tárrega (Cesar Tarrega),5,Valencia Club de Fútbol SAD,Defender,ES
Umar Sadiq (Sadiq),6,Valencia Club de Fútbol SAD,Forward,NG
Arnaut Danjuma (Arnaut Danjuma),7,Valencia Club de Fútbol SAD,Midfielder,NL
Javi Guerra (Javier Guerra),8,Valencia Club de Fútbol SAD,Midfielder,ES
Hugo Duro (Hugo Duro),9,Valencia Club de Fútbol SAD,Forward,ES
Domingos André Ribeiro Almeida (Andre Almeida 1),10,Valencia Club de Fútbol SAD,Midfielder,PT
Luis Rioja (L Rioja),11,Valencia Club de Fútbol SAD,Midfielder,ES
Thierry Rendall Correia (Thierry R),12,Valencia Club de Fútbol SAD,Defender,PT
Cristian Rivero (C Rivero),13,Valencia Club de Fútbol SAD,Goalkeeper,ES
José Gayà (Gaya),14,Valencia Club de Fútbol SAD,Defender,ES
Lucas Beltrán (Lucas Beltran),15,Valencia Club de Fútbol SAD,Forward,AR
Diego López (Diego Lopez Noguerol),16,Valencia Club de Fútbol SAD,Forward,ES
Largie Ramazani (L Ramazani),17,Valencia Club de Fútbol SAD,Forward,BE
José Luis García Vayá (Pepelu),18,Valencia Club de Fútbol SAD,Midfielder,ES
Dani Raba (Dani Raba),19,Valencia Club de Fútbol SAD,Forward,ES
Renzo Saravia (Renzo Saravia),20,Valencia Club de Fútbol SAD,Defender,AR
Jesús Vázquez (J Vazquez 1),21,Valencia Club de Fútbol SAD,Defender,ES
Baptiste Santamaría (Baptiste Santamaria),22,Valencia Club de Fútbol SAD,Midfielder,FR
Filip Ugrinic (Filip Ugrinic),23,Valencia Club de Fútbol SAD,Midfielder,CH
Eray Cömert (Eray Ervin Cumart),24,Valencia Club de Fútbol SAD,Defender,CH
Julen Agirrezabala (Julen Agirrezabala),25,Valencia Club de Fútbol SAD,Goalkeeper,ES
Rubén Iranzo (Ruben Iranzo),26,Valencia Club de Fútbol SAD,Defender,ES
David Otorbi (David Otorbi),27,Valencia Club de Fútbol SAD,Forward,ES
Vicent Abril (Vicent Abril),28,Valencia Club de Fútbol SAD,Goalkeeper,ES
Lucas Núñez (Lucas Nunez),29,Valencia Club de Fútbol SAD,Midfielder,ES
Alexander Figueiredo Gurendal ,30,Valencia Club de Fútbol SAD,Forward,
Alejandro Cerdá Agulló (Alex Cerda),31,Valencia Club de Fútbol SAD,Midfielder,ES
Alejandro Panach Olmo (Alex Panach),32,Valencia Club de Fútbol SAD,Defender,ES
Andrés Caro (Andres Caro),34,Valencia Club de Fútbol SAD,Forward,ES
Raúl Jiménez (Raul Jimenez 1),35,Valencia Club de Fútbol SAD,Goalkeeper,ES
Marcos Navarro (Marcos Navarro),36,Valencia Club de Fútbol SAD,Defender,ES
Aimar Blázquez (Aimar Blazquez),37,Valencia Club de Fútbol SAD,Forward,ES
Marc Jurado (Marc Jurado 1),38,Valencia Club de Fútbol SAD,Defender,ES
Joel Fontanet (Joel Fontanet),40,Valencia Club de Fútbol SAD,Defender,ES
Pere García (Pere Joan),41,Valencia Club de Fútbol SAD,Goalkeeper,ES
Aaron Mayol (Aaron Mayol),42,Valencia Club de Fútbol SAD,Midfielder,ES
Pedro Injai Gomes ,43,Valencia Club de Fútbol SAD,Defender,
Carlos Corberán (Carlos Corberan),,Valencia Club de Fútbol SAD,Coach,ES
Jorge Alarcón (Jorge Alarcon 1),,Valencia Club de Fútbol SAD,Assistant coach,ES
Luiz Lúcio Reis Júnior (Luiz Junior 1),1,Villarreal Club de Fútbol SAD,Goalkeeper,BR
Logan Evans Costa (Logan Costa),2,Villarreal Club de Fútbol SAD,Defender,CV
Alexander Freeman (Alexander Freeman),3,Villarreal Club de Fútbol SAD,Defender,US
Rafa Marín (Rafa Marin),4,Villarreal Club de Fútbol SAD,Defender,ES
Willy Kambwala (Willy Kambwala),5,Villarreal Club de Fútbol SAD,Defender,FR
Pau Navarro (Pau Navarro),6,Villarreal Club de Fútbol SAD,Defender,ES
Gerard Moreno (Gerard),7,Villarreal Club de Fútbol SAD,Forward,ES
Juan Foyth (Foyth),8,Villarreal Club de Fútbol SAD,Defender,AR
Georges Mikautadze (Georges Mikautadze),9,Villarreal Club de Fútbol SAD,Forward,GE
Dani Parejo (Parejo),10,Villarreal Club de Fútbol SAD,Midfielder,ES
Alfon González (Alfonso 1),11,Villarreal Club de Fútbol SAD,Forward,ES
Renato Palma Veiga (Renato Veiga),12,Villarreal Club de Fútbol SAD,Defender,PT
Diego Conde (Diego Conde),13,Villarreal Club de Fútbol SAD,Goalkeeper,ES
Santi Comesaña (Santi C V),14,Villarreal Club de Fútbol SAD,Midfielder,ES
Santiago Mouriño (Santiago Mourino),15,Villarreal Club de Fútbol SAD,Defender,UY
Thomas Partey (Thomas),16,Villarreal Club de Fútbol SAD,Midfielder,GH
Tajon Buchanan (Tajon Buchanan),17,Villarreal Club de Fútbol SAD,Midfielder,CA
Pape Gueye (Pape Alassane Gueye),18,Villarreal Club de Fútbol SAD,Midfielder,SN
Nicolas Pépé (Nicolas Pepe),19,Villarreal Club de Fútbol SAD,Midfielder,CI
Alberto Moleiro (A Moleiro),20,Villarreal Club de Fútbol SAD,Midfielder,ES
Tani Oluwaseyi (Tani Oluwaseyi),21,Villarreal Club de Fútbol SAD,Forward,CA
Ayoze Pérez (Ayoze Perez),22,Villarreal Club de Fútbol SAD,Forward,ES
Sergi Cardona (Sergi Cardona),23,Villarreal Club de Fútbol SAD,Defender,ES
Alfonso Pedraza (A Pedraza),24,Villarreal Club de Fútbol SAD,Defender,ES
Arnau Tenas (Arnau Tenas),25,Villarreal Club de Fútbol SAD,Goalkeeper,ES
Jean Valou (Jean Valou),27,Villarreal Club de Fútbol SAD,Defender,CI
Mahamoud Barry (Mahamoud Barry),28,Villarreal Club de Fútbol SAD,Midfielder,ML
Ismael Sierra (Isma Sierra),29,Villarreal Club de Fútbol SAD,Defender,ES
Daniel Budesca (Daniel Budesca),30,Villarreal Club de Fútbol SAD,Defender,ES
Rubén Gómez (Ruben Gomez Peris),31,Villarreal Club de Fútbol SAD,Goalkeeper,ES
Hugo Lopez (Hugo Lopez 1),32,Villarreal Club de Fútbol SAD,Midfielder,ES
Pau Cabanes (Pau Cabanes De La Torre),33,Villarreal Club de Fútbol SAD,Forward,ES
Carlos Macià (Carlos Macia 1),37,Villarreal Club de Fútbol SAD,Midfielder,ES
Alassane Diatta (Alassane Diatta),38,Villarreal Club de Fútbol SAD,Midfielder,SN
José Ángel Gaitán Diaz (Joselillo 1),40,Villarreal Club de Fútbol SAD,Midfielder,ES
Rubén Uría (Uria),,Villarreal Club de Fútbol SAD,Assistant coach,ES
Marcelino García (Marcelino),,Villarreal Club de Fútbol SAD,Coach,ES
